id,zhh,zhh_pron,is_r18,chs,en,owner_tag,register,intent
L1,揼波鐘,dam3 bo1 zung1,0,拖延时间/耽误时间/磨洋工/拖拖拉拉/浪费时间,time consuming/play for time,CanTong Lexicon 2025,Slang,
L2,揼時間,dam1 si4 gaan3,0,拖延时间/耽误时间/磨洋工/拖拖拉拉,waste time/dawdle/stall for time/stall for prolong,CanTong Lexicon 2025,Colloquial,
L3,拖延時間​,to1 jin4 si4 gaan3,0,拖延时间/耽误时间,waste time/dawdle/stall for time/stall for prolong,CanTong Lexicon 2025,Formal,
L4,拖時間​,to1 si4 gaan3,0,拖延时间/耽误时间,waste time/dawdle/stall for time/stall for prolong,CanTong Lexicon 2025,Colloquial,
L5,捱時間,ngaai4 si4 gaan3,0,拖延时间/耽误时间/磨洋工/拖拖拉拉,Delay/waste time/drag it out/drag things out/play for time/run down the clock/stonewall/slow walk/string someone along,CanTong Lexicon 2025,Colloquial,
L6,磨时间,mo4 si4 gaan1,0,拖延时间/耽误时间/磨洋工/拖拖拉拉,Delay/waste time/drag it out/drag things out/play for time/run down the clock/stonewall/slow walk/string someone along,CanTong Lexicon 2025,Colloquial,
L7,拖拖拉拉,to1 to1 laai1 laai1,0,拖延时间/耽误时间/磨洋工/拖拖拉拉,Delay/waste time/drag it out/drag things out/play for time/run down the clock/stonewall/slow walk/string someone along,CanTong Lexicon 2025,Colloquial,
L8,抌功夫,dam2 gung1 fu1,0,所需时间较长,It takes a long time,CanTong Lexicon 2025,Slang,
L9,抌功,dam2 gung1 ,0,所需时间较长,It takes a long time,CanTong Lexicon 2025,Slang,
L10,抌人波鐘,dam3 jan1 bo1 zung1,0,浪费别人时间,Wasting other people's time,CanTong Lexicon 2025,Colloquial,
L11,死蠢,sei2 ceon2,0,笨蛋/蠢货,dumb/imbecile/incredibly stupid/brain dead,CanTong Lexicon 2025,Colloquial,
L12,蠢材,ceon2 coi4,0,笨蛋/蠢货,dumb/imbecile/incredibly stupid/a fool/an idiot/fool/idiot,CanTong Lexicon 2025,Colloquial,
L13,茂利,mau6 lei2,0,笨蛋/蠢货,dumb/imbecile/incredibly stupid,CanTong Lexicon 2025,,
L14,磨碌,mo6 luk1,0,笨蛋/蠢货/没用/没有的人,moron/stupid/retarded/doofus/dimwit/nitwit,CanTong Lexicon 2025,,
L15,豬頭炳,zyu1 tau4 bing2,0,笨蛋/蠢货,a fool/an idiot/fool/idiot,CanTong Lexicon 2025,,
L16,大番薯,daai6 faan1 syu2,0,笨蛋/蠢货,stupid person/a fool/an idiot/fool/idiot/big sweet potato/a stupid person,CanTong Lexicon 2025,,
L17,人頭豬腦,jan4 tau4 zyu1 nou5,0,人头猪脑/笨蛋/蠢货,dumb/stupid/literally/pig brained/a stupid person/stupid person,CanTong Lexicon 2025,,
L18,笨柒,ban6 cat6,1,笨蛋/蠢货,dumb person/dumb/imbecile/incredibly stupid/brain dead,CanTong Lexicon 2025,,
L19,柒頭,cat6 tau4,1,笨蛋/蠢货,dumb person/dumb/imbecile/incredibly stupid/brain dead,CanTong Lexicon 2025,,
L20,笨撚柒,ban6 lan2 cat6,1,笨蛋/蠢货,dumb person/dumb/imbecile/incredibly stupid/brain dead,CanTong Lexicon 2025,,
L21,抌嘢,dam2 je5,0,扔东西/丢东西/丢/扔,Throwing things/throw/toss/chuck,CanTong Lexicon 2025,,ask
L22,掟嘢,ding3 je5,0,扔东西/丢东西/丢/扔,Throwing things/throw/toss/chuck,CanTong Lexicon 2025,,
L23,掉嘢,diu1 je5,0,扔东西/丢东西/丢/扔,Throwing things/throw/toss/chuck,CanTong Lexicon 2025,,
L24,咪揼過嚟,mai1 dam2 gwo3 lai4,0,不要扔过来,Don't throw it at me,CanTong Lexicon 2025,,
L25,揼住唔做,dam2 zyu6 m4 zou6,0,耗着不做,dragging it out without doing anything,CanTong Lexicon 2025,,
L26,揼咗啲嘢佢,dam2 zo2 di1 je5 keoi5,0,把它扔了,Throw it away,CanTong Lexicon 2025,,
L27,咪掟我,mai1 diu1 ngo5,0,不要扔我,Don't throw me hard,CanTong Lexicon 2025,,
L28,唔好掉鸠我,m4 hou2 diu1 gau1 ngo5,0,不要向我方向扔,Don't f*cking throw me away.,CanTong Lexicon 2025,,
L29,揼埋一二邊,dam2 maai4 jat1 ji6 bin1,0,扔在一边/随便扔,Throw it aside/Toss it to the side/Put it aside/Chuck it away/Throw it away,CanTong Lexicon 2025,,
L30,飛啲嘢埋嚟,fei1 di1 je5 maai4 lai4,0,扔东西过来/丢东西过来,toss it over here/throw it over here,CanTong Lexicon 2025,,
L31,飛啲嘢過嚟,fei1 di1 je5 gwo3 lai4,0,扔东西过来/丢东西过来,toss it over here/throw it over here,CanTong Lexicon 2025,,ask
L32,車埋嚟,ce1 maai4 lai4,0,扔东西过来/丢东西过来,toss it over here/throw it over here,CanTong Lexicon 2025,,
L33,𢫨,gwan1,0,推,push,CanTong Lexicon 2025,,ask
L34,㧬,caak3,0,推,push,CanTong Lexicon 2025,,
L35,擁,jung2,0,推,push,CanTong Lexicon 2025,,
L36,走鬼,zau2 gwai2,0,摆摊/路边摊/流动贩卖/走鬼摊,stand/set up,CanTong Lexicon 2025,,
L37,摆檔,baai2 dong3,0,摆摊/路边摊/流动贩卖/走鬼摊,stand/set up,CanTong Lexicon 2025,,
L38,摆檔攤,baai2 dong3 taan1,0,摆摊/路边摊/流动贩卖/走鬼摊,stand/set up,CanTong Lexicon 2025,,
L39,走鬼檔,zau2 gwai2 dong3,0,摆摊/路边摊/流动贩卖/走鬼摊,stand/set up,CanTong Lexicon 2025,,
L40,推車仔,teoi1 ce1 zai2,0,摆摊/路边摊/流动贩卖/走鬼摊,stand/set up,CanTong Lexicon 2025,,
L41,做走鬼,zou6 zau2 gwai2,0,去摆摊/做路边摊/做流动贩卖/做走鬼摊,Make a run for it/stand/set up,CanTong Lexicon 2025,,ask
L42,擺街,baai2 gaai1,0,摆摊/路边摊/流动贩卖/走鬼摊,stand/set up,CanTong Lexicon 2025,,
L43,街檔,gaai1 dong3,0,摆摊/路边摊/流动贩卖/走鬼摊,stand/set up,CanTong Lexicon 2025,,
L44,死雞撑飯蓋,sei2 gai1 caang1 faan6 goi3,0,不服输/明知错不认/不认错/死撑,The dead chicken forcing thelid of the rice pot open/So proud/try to bear/hardly stand for something/So full of himself/Has to save face,CanTong Lexicon 2025,,
L45,死頂,sei2 ding2,0,不服输/明知错不认/不认错/死撑,So proud/try to bear/hardly stand for something/So full of himself/Has to save face,CanTong Lexicon 2025,,
L46,唔认输,m4 jing6 syu1,0,不服输/明知错不认/不认错/死撑,So proud/try to bear/hardly stand for something/So full of himself/Has to save face,CanTong Lexicon 2025,,
L47,死撑,sei2 caang1,0,不服输/明知错不认/不认错/死撑,So proud/try to bear/hardly stand for something/So full of himself/Has to save face,CanTong Lexicon 2025,,
L48,死要面,sei2 jiu3 min6,0,不服输/明知错不认/不认错/死撑,So proud/try to bear/hardly stand for something/So full of himself/Has to save face,CanTong Lexicon 2025,,
L49,𠮩𠹌,mou4 kei1 kei3,0,冷门/刁钻/怪异/不常见/另类,uncommon/rare and strange/niche/raretricky/complicated/difficult/similar to,CanTong Lexicon 2025,,
L50,𠵇𠺫,mou4 hei3,0,冷门/刁钻/怪异/不常见/另类,uncommon/rare and strange/niche/raretricky/complicated/difficult/similar to,CanTong Lexicon 2025,,
L51,撩棱,liu1 ling1,0,冷门/刁钻/怪异/不常见/另类,uncommon/rare and strange/niche/raretricky/complicated/difficult/similar to,CanTong Lexicon 2025,,
L52,捞绞,laau1 gaau2,0,冷门/刁钻/怪异/不常见/另类,uncommon/rare and strange/niche/raretricky/complicated/difficult/similar to,CanTong Lexicon 2025,,
L53,刁​鑽,diu1 zyun1,0,冷门/刁钻/怪异/不常见/另类,uncommon/rare and strange/niche/raretricky/complicated/difficult/similar to,CanTong Lexicon 2025,,
L54,泶嫪,wai6 laau2,0,冷门/刁钻/怪异/不常见/另类,uncommon/rare and strange/niche/raretricky/complicated/difficult/similar to,CanTong Lexicon 2025,,
L55,噉,gam2,0,这样/那样/那,like this/such/in this way/like/in the manner of/to to certain level,CanTong Lexicon 2025,,
L56,噉樣,gam2 so1 lik6,0,这样/那样/那,like this/such/in this way/like/in the manner of/to to certain level,CanTong Lexicon 2025,,
L57,噉點,gam2 geng3,0,这样/那样/那,like this/such/in this way/like/in the manner of/to to certain level,CanTong Lexicon 2025,,
L58,咁,dim2 joeng6,0,这么/那么,like this/so/to such an extent/this/in this manner/like/seems/well/then/that,CanTong Lexicon 2025,,
L59,咁犀利,dim2,0,这么厉害/那么厉害/这么牛逼/那么牛逼,,CanTong Lexicon 2025,,
L60,咁劲,dim2 joeng6 joeng6,0,这么厉害/那么厉害/这么牛逼/那么牛逼/这么牛/那么牛,,CanTong Lexicon 2025,,
L61,點樣,dim2 gwai2 joeng6,0,怎么样/如何/怎样,how/what way/what's with it/what's up/how's it like/what is it like,CanTong Lexicon 2025,,
L62,點,gan2 jiu3,0,怎么样/如何/怎样,how/what way/what's with it/what's up/how's it like/what is it like,CanTong Lexicon 2025,,
L63,點樣樣,jiu3 gan2,0,怎么样/如何/怎样,how/what way/what's with it/what's up/how's it like/what is it like,CanTong Lexicon 2025,,
L64,點鬼樣,gwaan1 zin2,0,怎么样/如何/怎样,how/what way/what's with it/what's up/how's it like/what is it like,CanTong Lexicon 2025,,
L65,緊要,gaau1 gwaan1,0,要紧/重要/夸张,crucial/important/vital/exaggerate/critical,CanTong Lexicon 2025,,
L66,要緊,gam2 soeng6 haa6,0,要紧/重要/夸张,crucial/important/vital/exaggerate/critical,,,
L67,关键,caa1 m4 do1,0,要紧/重要/夸张/关键,crucial/important/vital/exaggerate/critical,CanTong Lexicon 2025,,
L68,交關,zung2 jau6,0,要紧/重要/夸张/交关,crucial/important/vital/exaggerate/critical,CanTong Lexicon 2025,,
L69,咁上下,hai6 gam2 soeng6 haa6,0,达到一定水平/差不多/大致上/普普通通/大差不差/接近了/一般般/差不多这样,that's about it/pretty much/same difference/not faroff/a little bit/approximate/insignificant/unassuming/ordinary and mediocre/approximately/so-so,CanTong Lexicon 2025,,
L70,差唔多,gam2 daai6 zek3 hap6 naa6 ceoi4 gaai1 tiu3,0,达到一定水平/差不多/大致上/普普通通/大差不差/接近了/一般般/差不多这样,that's about it/pretty much/same difference/not faroff/a little bit/approximate/insignificant/unassuming/ordinary and mediocre/approximately/so-so,CanTong Lexicon 2025,,
L71,左右,gam2 dai2?,0,达到一定水平/差不多/大致上/普普通通/大差不差/接近了/一般般/差不多这样,that's about it/pretty much/same difference/not faroff/a little bit/approximate/insignificant/unassuming/ordinary and mediocre/approximately/so-so,CanTong Lexicon 2025,,
L72,係咁上下,gin1 m4 gin1 a3?,0,达到一定水平/差不多/大致上/普普通通/大差不差/接近了/一般般/差不多这样,that's about it/pretty much/same difference/not faroff/a little bit/approximate/insignificant/unassuming/ordinary and mediocre/approximately/so-so,CanTong Lexicon 2025,,
L73,咁大隻蛤乸隨街跳,gam2 hou2 sei2?,0,沒有免費的午餐/天上不会掉馅饼,too good to be true/It's not that simple/something too good to be true/There is no free lunch,CanTong Lexicon 2025,,
L74,咁抵？,gam2 zoek3 sou3?,0,沒有免費的午餐/天上不会掉馅饼,too good to be true/It's not that simple/something too good to be true/There is no free lunch,CanTong Lexicon 2025,,
L75,坚唔坚吖？,gam2 aap1 dak1 gam2 kiu1,0,沒有免費的午餐/天上不会掉馅饼/真的假的/不会吧,too good to be true/It's not that simple/something too good to be true/There is no free lunch,CanTong Lexicon 2025,,
L76,咁好死？,gam2 aap1,0,沒有免費的午餐/天上不会掉馅饼,too good to be true/It's not that simple/something too good to be true/There is no free lunch,CanTong Lexicon 2025,,
L77,咁着數？,gam2 kiu4,0,沒有免費的午餐/天上不会掉馅饼,too good to be true/It's not that simple/something too good to be true/There is no free lunch,CanTong Lexicon 2025,,
L78,咁啱得咁蹺,gam2 co3 dong4,0,真巧合/这么巧呀/不谋而合/湊巧/说多巧有多巧/巧合/这么巧,coincide/coincidentally/fortuitously/by chance,CanTong Lexicon 2025,,
L79,咁啱,aap1 aap1 jyu6 zoek3 gong1,0,真巧合/这么巧呀/不谋而合/湊巧/说多巧有多巧/巧合/这么巧,coincide/coincidentally/fortuitously/by chance,CanTong Lexicon 2025,,
L80,咁橋,gam2 do1 jan4 sei2 m4 gin3 nei5 sei2,0,真巧合/这么巧呀/不谋而合/湊巧/说多巧有多巧/巧合/这么巧,coincide/coincidentally/fortuitously/by chance,CanTong Lexicon 2025,,
L81,咁錯蕩,zau2 hoi1 laa1,0,真巧合/这么巧呀/不谋而合/湊巧/说多巧有多巧/巧合/这么巧,coincide/coincidentally/fortuitously/by chance,CanTong Lexicon 2025,,
L82,啱啱遇著剛剛,hang4 hoi1 laa1,0,真巧合/这么巧呀/不谋而合/湊巧/说多巧有多巧/巧合/这么巧,coincide/coincidentally/fortuitously/by chance,CanTong Lexicon 2025,,
L83,咁多人死唔見你死,sei2 hoi1 laa1,0,应该死的不去死/该死不死/这么多人死为什么你不去死,"damn it, yet still alive/So many people are dying, why don't you die/why don't you die when there's so much death",CanTong Lexicon 2025,,
L84,走開啦,daan2 a3,0,走开吧/滚吧/起开/滚,get out,CanTong Lexicon 2025,,
L85,行開啦,zau2 a3,0,走开吧/滚吧/起开/滚,get out,CanTong Lexicon 2025,,
L86,死開啦,daan2 hoi1,0,走开吧/滚吧/起开/滚,get out,CanTong Lexicon 2025,,
L87,躝吖,gam2 gan2 sing4 wong4 miu2 dou1 m4 kau4 zi1 hou2 cim1,0,走开吧/滚吧/起开/滚,get out,CanTong Lexicon 2025,,
L88,走吖,m4 sik1 baa2 ngaat3 gei1 wui6,0,走开吧/滚吧/起开/滚,get out,CanTong Lexicon 2025,,
L89,躝開,maang4 saai3,0,走开吧/滚吧/起开/滚,get out,CanTong Lexicon 2025,,
L90,咁近城隍廟都唔求支好籤,gaau3 saai3,0,不会把握机会,to fail to take advantage of an opportunity,CanTong Lexicon 2025,,
L91,唔識把握機會,sik6 gu2 bat1 faa3,0,不会把握机会,,CanTong Lexicon 2025,,
L92,盟塞,gam2 daai6 go3 dou1 m4 faa3,0,思想不开通/吃古不化,narrow minded/conservatives/fuddy duddy/dogged/stubborn/obstinate,CanTong Lexicon 2025,,
L93,㒼塞,dim2 m4 ming4,0,思想不开通/吃古不化,narrow minded/conservatives/fuddy duddy/dogged/stubborn/obstinate,CanTong Lexicon 2025,,
L94,食古不化,gong2 m4 tung1,0,思想不开通/吃古不化,narrow minded/conservatives/fuddy duddy/dogged/stubborn/obstinate,CanTong Lexicon 2025,,
L95,咁大個都唔化,ngaang6 geng2,0,思想不开通/吃古不化,narrow minded/conservatives/fuddy duddy/dogged/stubborn/obstinate,CanTong Lexicon 2025,,
L96,點唔明,maang4 saai3,0,思想不开通/吃古不化,narrow minded/conservatives/fuddy duddy/dogged/stubborn/obstinate,CanTong Lexicon 2025,,
L97,講唔通,maang4 saai3,0,思想不开通/吃古不化,narrow minded/conservatives/fuddy duddy/dogged/stubborn/obstinate,CanTong Lexicon 2025,,
L98,硬頸,mak6 sau2 seng4 gwai1,0,思想不开通/吃古不化,narrow minded/conservatives/fuddy duddy/dogged/stubborn/obstinate,CanTong Lexicon 2025,,
L99,萌塞,ming4 waan4 bat1 ling4,0,思想不开通/吃古不化,narrow minded/conservatives/fuddy duddy/dogged/stubborn/obstinate,CanTong Lexicon 2025,,
L100,盲塞,sat1 gaak3 saai3,0,思想不开通/吃古不化,narrow minded/conservatives/fuddy duddy/dogged/stubborn/obstinate,CanTong Lexicon 2025,,
L101,墨守成規,m4 hou2 ji3 si1,0,思想不开通/吃古不化,narrow minded/conservatives/fuddy duddy/dogged/stubborn/obstinate,CanTong Lexicon 2025,,
L102,冥頑不靈,sat1 lai5 saai3,0,思想不开通/吃古不化,narrow minded/conservatives/fuddy duddy/dogged/stubborn/obstinate,CanTong Lexicon 2025,,
L103,失覺曬,m4 goi1,0,不好意思/失礼了,so sorry/Excuse me,CanTong Lexicon 2025,,
L104,唔好意思,maang2 lung4 gwo3 gong1,0,不好意思/失礼了,so sorry/Excuse me,CanTong Lexicon 2025,,
L105,失禮曬,gwo3 gong1 lung4,0,不好意思/失礼了,so sorry/Excuse me,CanTong Lexicon 2025,,
L106,唔该,laau1 gwo3 gaai3,0,不好意思/失礼了,so sorry/Excuse me,CanTong Lexicon 2025,,
L107,猛龍過江,dim2 maai6,0,有能力到外/有本身到外/异地发展/在外地拼搏/在外地谋生/有本事的到外发展/比喻有才专华有才能的人才敢想敢拼,ability to go to other places,CanTong Lexicon 2025,,
L108,過江龍,gei2 cin2,0,有能力到外/有本身到外/异地发展/在外地拼搏/在外地谋生/有本事的到外发展/比喻有才专华有才能的人才敢想敢拼,ability to go to other places,CanTong Lexicon 2025,,
L109,捞过界,gei2 do1 cin2,0,有能力到外/有本身到外/异地发展/在外地拼搏/在外地谋生/有本事的到外发展/比喻有才专华有才能的人才敢想敢拼,ability to go to other places,CanTong Lexicon 2025,,
L110,點賣,dim2 gai3 sou3,0,怎么卖/多少钱/怎么算,how much,CanTong Lexicon 2025,,
L111,幾錢,dim2 gai3,0,怎么卖/多少钱/怎么算,how much,CanTong Lexicon 2025,,
L112,幾多錢,gei2 man1 a3,0,怎么卖/多少钱/怎么算,how much,CanTong Lexicon 2025,,
L113,點計數,dim2 bat1 zi1,0,怎么卖/多少钱/怎么算,how much,CanTong Lexicon 2025,,
L114,點計,ceot1 fu1 ji3 liu6,0,怎么卖/多少钱/怎么算,how much,CanTong Lexicon 2025,,
L115,幾蚊啊,seoi4 bat1 zi1,0,怎么卖/多少钱/怎么算,how much,CanTong Lexicon 2025,,
L116,點不知,gu2 m4 dou3,0,谁知道/哪知道/谁想到/没想到/怎麼知道/如何得知/不料/谁知/谁料到/没想到/谁想到/竟然,unexpectedly/but/Who knows,CanTong Lexicon 2025,,
L117,出乎意料,dim2 gu2 dou3,0,谁知道/哪知道/谁想到/没想到/怎麼知道/如何得知/不料/谁知/谁料到/没想到/谁想到/竟然,unexpectedly/but/Who knows,CanTong Lexicon 2025,,
L118,誰不知,dim2 zi1,0,谁知道/哪知道/谁想到/没想到/怎麼知道/如何得知/不料/谁知/谁料到/没想到/谁想到/竟然,unexpectedly/but/Who knows,CanTong Lexicon 2025,,
L119,估唔到,mou5 lam2 dou3,0,谁知道/哪知道/谁想到/没想到/怎麼知道/如何得知/不料/谁知/谁料到/没想到/谁想到/竟然,unexpectedly/but/Who knows,CanTong Lexicon 2025,,
L120,點估到,lam2 m4 dou3,0,谁知道/哪知道/谁想到/没想到/怎麼知道/如何得知/不料/谁知/谁料到/没想到/谁想到/竟然,unexpectedly/but/Who knows,CanTong Lexicon 2025,,
L121,點知,dim2 sau1 fo1,0,谁知道/哪知道/谁想到/没想到/怎麼知道/如何得知/不料/谁知/谁料到/没想到/谁想到/竟然,unexpectedly/but/Who knows,CanTong Lexicon 2025,,
L122,冇諗到,dim2 syun3 hou2,0,谁知道/哪知道/谁想到/没想到/怎麼知道/如何得知/不料/谁知/谁料到/没想到/谁想到/竟然,unexpectedly/but/Who knows,CanTong Lexicon 2025,,
L123,諗唔到,dim2 hou2,0,谁知道/哪知道/谁想到/没想到/怎麼知道/如何得知/不料/谁知/谁料到/没想到/谁想到/竟然,unexpectedly/but/Who knows,CanTong Lexicon 2025,,
L124,點收科,dim2 gaau2,0,怎么收场/怎么样才好/怎么救场/如何力挽狂澜,How to save the day/How to end it,CanTong Lexicon 2025,,
L125,點算好,ak1,0,怎么收场/怎么样才好/怎么救场/如何力挽狂澜,How to save the day/How to end it,CanTong Lexicon 2025,,
L126,點好,wan2 ban6,0,怎么收场/怎么样才好/怎么救场/如何力挽狂澜,How to save the day/How to end it,CanTong Lexicon 2025,,
L127,點搞,lou5 dim2,0,怎么收场/怎么样才好/怎么救场/如何力挽狂澜,How to save the day/How to end it,CanTong Lexicon 2025,,
L128,呃,kwan1,0,骗/欺骗/隐瞒/诈骗,cheat/to cheat/to trick/trick/deceive/lie/cheat/to swindle,CanTong Lexicon 2025,,
L129,搵笨,seoi2,0,骗/欺骗/隐瞒/诈骗,cheat/to cheat/to trick/trick/deceive/lie/cheat/to swindle,CanTong Lexicon 2025,,
L130,老點,gwan2,0,骗/欺骗/隐瞒/诈骗,cheat/to cheat/to trick/trick/deceive/lie/cheat/to swindle,CanTong Lexicon 2025,,
L131,坤,gong2 daai6 waa2,0,骗/欺骗/隐瞒/诈骗,cheat/to cheat/to trick/trick/deceive/lie/cheat/to swindle,CanTong Lexicon 2025,,
L132,水,wan2 ban6 cat6,0,骗/欺骗/隐瞒/诈骗,cheat/to cheat/to trick/trick/deceive/lie/cheat/to swindle,CanTong Lexicon 2025,,
L133,滚,dim2 zi2,0,骗/欺骗/隐瞒/诈骗,cheat/to cheat/to trick/trick/deceive/lie/cheat/to swindle,CanTong Lexicon 2025,,
L134,講大話,m4 zi2,0,骗/欺骗/隐瞒/诈骗,cheat/to cheat/to trick/trick/deceive/lie/cheat/to swindle,CanTong Lexicon 2025,,
L135,搵笨柒,m4 zing3 zi2,0,骗/欺骗/隐瞒/诈骗,cheat/to cheat/to trick/trick/deceive/lie/cheat/to swindle,CanTong Lexicon 2025,,
L136,點止,bin1 zi2,0,不止/何止/哪儿止/哪止,not only/incessantly/without end,CanTong Lexicon 2025,,
L137,唔指,ho4 zi2,0,不止/何止/哪儿止/哪止,not only/incessantly/without end,CanTong Lexicon 2025,,
L138,唔淨指,bat1 zi2,0,不止/何止/哪儿止/哪止,not only/incessantly/without end,CanTong Lexicon 2025,,
L139,边止,dim2 gong2 dou1 hou2,0,不止/何止/哪儿止/哪止,not only/incessantly/without end,CanTong Lexicon 2025,,
L140,何止,mou4 leon4 jo4 jo6,0,不止/何止/哪儿止/哪止,not only/incessantly/without end,CanTong Lexicon 2025,,
L141,不止,dim2 dou1 hou2,0,不止/何止/哪儿止/哪止,not only/incessantly/without end,CanTong Lexicon 2025,,
L142,點講都好,dim2 sung3,0,无论怎么说/不管怎么说/不管怎么样/无论如何/总之,No matter what/whatever/in any case/For better or for worse,CanTong Lexicon 2025,,
L143,無論如何,dim2 coi3,0,无论怎么说/不管怎么说/不管怎么样/无论如何/总之,No matter what/whatever/in any case/For better or for worse,CanTong Lexicon 2025,,
L144,點都好,dim2 caan1,0,无论怎么说/不管怎么说/不管怎么样/无论如何/总之,No matter what/whatever/in any case/For better or for worse,CanTong Lexicon 2025,,
L145,點餸 ,dim2 je5,0,点菜/点餐,to order/order,CanTong Lexicon 2025,,
L146,點菜,lok6 daan1,0,点菜/点餐,to order/order,CanTong Lexicon 2025,,
L147,點餐,aai3 je5,0,点菜/点餐,to order/order,CanTong Lexicon 2025,,
L148,點嘢,se2 je5,0,点菜/点餐,to order/order,CanTong Lexicon 2025,,
L149,落單,dim2 hai6 aa3,0,点菜/点餐,to order/order,CanTong Lexicon 2025,,
L150,嗌嘢,dim2 hou2 ji3 si1 aa3,0,点菜/点餐,to order/order,CanTong Lexicon 2025,,
L151,寫嘢,taai3 haak3 hei3 laa1,0,点菜/点餐,to order/order,CanTong Lexicon 2025,,
L152,點係啊,dim2 sam1 ce1,0,太客气了/怎么好意思呢/太客气,too kind,CanTong Lexicon 2025,,
L153,點好意思啊,teoi1 ce1 dim2 sam1,0,太客气了/怎么好意思呢/太客气,too kind,CanTong Lexicon 2025,,
L154,太客氣啦,go1 dim2 ce1,0,太客气了/怎么好意思呢/太客气,too kind,CanTong Lexicon 2025,,
L155,點心車,dim2 co3 soeng3,0,点心车/小食车,dim sum cart,CanTong Lexicon 2025,,
L156,推車點心,jing6 co3 jan4,0,点心车/小食车,dim sum cart,CanTong Lexicon 2025,,
L157,糕点車,dim2 joeng6 heoi3?,0,点心车/小食车,dim sum cart,CanTong Lexicon 2025,,
L158,點錯相,dim2 heoi3?,0,认错人/找错人,mistaken identity/wrong target,CanTong Lexicon 2025,,
L159,認錯人,dim2 joeng6 hang4?,0,认错人/找错人,mistaken identity/wrong target,CanTong Lexicon 2025,,
L160,點樣去？,dim2 hang4?,0,怎么去/怎样去/怎么走,how to get there,CanTong Lexicon 2025,,
L161,點去？,dim2 dou3 zik1 zi2,0,怎么去/怎样去/怎么走,how to get there,CanTong Lexicon 2025,,
L162,點樣行？,dim2 dou3 wai4 zi2,0,怎么去/怎样去/怎么走,how to get there,CanTong Lexicon 2025,,
L163,點行？,ting4 hai2 ni1 dou6,0,怎么去/怎样去/怎么走,how to get there,CanTong Lexicon 2025,,
L164,點到即止,zau6 gam2 sin1 laa1,0,点到为止；适可而止,Stop here/know when to stop/leave it at that/let’s leave it there/that’s enough / that’ll do,CanTong Lexicon 2025,,
L165,點到為止,dou3 ci2 wai4 zi2,0,点到为止；适可而止,Stop here/know when to stop/leave it at that/let’s leave it there/that’s enough / that’ll do,CanTong Lexicon 2025,,
L166,停喺呢度,sik1 ho2 ji4 zi2,0,点到为止；适可而止,Stop here/know when to stop/leave it at that/let’s leave it there/that’s enough / that’ll do,CanTong Lexicon 2025,,
L167,就咁先啦,dim2 tai2,0,点到为止；适可而止,Stop here/know when to stop/leave it at that/let’s leave it there/that’s enough / that’ll do,CanTong Lexicon 2025,,
L168,到此為止,jau6 me1 lam2 faat3,0,点到为止；适可而止,Stop here/know when to stop/leave it at that/let’s leave it there/that’s enough / that’ll do,CanTong Lexicon 2025,,
L169,適可而止,jau6 ho4 tai2 faat3,0,点到为止；适可而止,Stop here/know when to stop/leave it at that/let’s leave it there/that’s enough / that’ll do,CanTong Lexicon 2025,,
L170,點睇,dim2 gaai2,0,有何看法/有什么看法/有什么想法/怎么样/怎么看,how do you see this/What do you think/What’s your opinion/How do you feel/What are your thoughts/Any thoughts/What do you reckon/How do you see it/How is it/How does it look/How does that soun/Is that okay with you,CanTong Lexicon 2025,,
L171,有咩諗法,ho4 gaai2,0,有何看法/有什么看法/有什么想法/怎么样/怎么看,how do you see this/What do you think/What’s your opinion/How do you feel/What are your thoughts/Any thoughts/What do you reckon/How do you see it/How is it/How does it look/How does that soun/Is that okay with you,CanTong Lexicon 2025,,
L172,有何睇法,mat1 gaai2 gau3,0,有何看法/有什么看法/有什么想法/怎么样/怎么看,how do you see this/What do you think/What’s your opinion/How do you feel/What are your thoughts/Any thoughts/What do you reckon/How do you see it/How is it/How does it look/How does that soun/Is that okay with you,CanTong Lexicon 2025,,
L173,點解,jan1 mat1 gaai2 gau3,0,什么原因/原因是什么/为什么,how to explain/how come/why,CanTong Lexicon 2025,,
L174,何解,dim2 waa6 dim2 hou2,0,什么原因/原因是什么/为什么,how to explain/how come/why,CanTong Lexicon 2025,,
L175,乜解究,seoi4 nei5 ji3 si1,0,什么原因/原因是什么/为什么,how to explain/how come/why,CanTong Lexicon 2025,,
L176,因乜解究,nei5 soeng2 dim2 dou1 dak1,0,什么原因/原因是什么/为什么,how to explain/how come/why,CanTong Lexicon 2025,,
L177,點話點好,dim2 dou1 dak1,0,怎么都可以/怎样说都可以/怎么说就怎么办/你说什么就什么/说什么就什么/听你的,up to you/as you wish/whatever you say/it`s your call/you`re the boss,CanTong Lexicon 2025,,
L178,隨你意思,nei5 waa6 me1 zau6 me1,0,怎么都可以/怎样说都可以/怎么说就怎么办/你说什么就什么/说什么就什么/听你的,up to you/as you wish/whatever you say/it`s your call/you`re the boss,CanTong Lexicon 2025,,
L179,你想點都得,nei5 waa6 mat1 zau6 me1,0,怎么都可以/怎样说都可以/怎么说就怎么办/你说什么就什么/说什么就什么/听你的,up to you/as you wish/whatever you say/it`s your call/you`re the boss,CanTong Lexicon 2025,,
L180,點都得,nei5 waa6 si6,0,怎么都可以/怎样说都可以/怎么说就怎么办/你说什么就什么/说什么就什么/听你的,up to you/as you wish/whatever you say/it`s your call/you`re the boss,CanTong Lexicon 2025,,
L181,你話咩就咩,dim2 tau4 zi1 gaau1,0,怎么都可以/怎样说都可以/怎么说就怎么办/你说什么就什么/说什么就什么/听你的,up to you/as you wish/whatever you say/it`s your call/you`re the boss,CanTong Lexicon 2025,,
L182,你話乜就咩,faan3 faan3 zi1 gaau1,0,怎么都可以/怎样说都可以/怎么说就怎么办/你说什么就什么/说什么就什么/听你的,up to you/as you wish/whatever you say/it`s your call/you`re the boss,CanTong Lexicon 2025,,
L183,你話事,pou2 tung1 pang4 jau5,0,怎么都可以/怎样说都可以/怎么说就怎么办/你说什么就什么/说什么就什么/听你的,up to you/as you wish/whatever you say/it`s your call/you`re the boss,CanTong Lexicon 2025,,
L184,點頭之交,dim2 hung4 dim2 luk6,0,普通朋友/没什么交集/泛泛之交,common friend / people with little interaction / casual acquaintances,CanTong Lexicon 2025,,
L185,泛泛之交,zi2 dim2 gong1 gong2,0,普通朋友/没什么交集/泛泛之交,common friend / people with little interaction / casual acquaintances,CanTong Lexicon 2025,,
L186,普通朋友,soeng2 dim2,0,普通朋友/没什么交集/泛泛之交,common friend / people with little interaction / casual acquaintances,CanTong Lexicon 2025,,
L187,點紅點綠,lam2 zyu6 dim2,0,存心误导人/忽悠,to mislead someone deliberately,CanTong Lexicon 2025,,
L188,指點江山,soeng2 dim2 joeng6,0,存心误导人/忽悠,to mislead someone deliberately,CanTong Lexicon 2025,,
L189,想點,soeng2 dim2 hai2,0,想怎么样/想怎样,What do you want/How do you want,CanTong Lexicon 2025,,
L190,諗住點,dim2 an3 gei1,0,想怎么样/想怎样,What do you want/How do you want,CanTong Lexicon 2025,,
L191,想點樣,dim2 sam1,0,想怎么样/想怎样,What do you want/How do you want,CanTong Lexicon 2025,,
L192,想點閪樣,dim2 sam1 hau2,0,想怎么样/想怎样,What do you want/How do you want,CanTong Lexicon 2025,,
L193,想點撚樣,dam2 baai2,0,想怎么样/想怎样,What do you want/How do you want,CanTong Lexicon 2025,,
L194,點啊,hau6 fui6,0,想怎么样/想怎样,What do you want/How do you want,CanTong Lexicon 2025,,
L195,擗埋一二邊,teoi2 sam1,0,放在一边/丢在一边/扔在一边,set it aside/throw it aside/chuck it to one side/put it aside/toss it aside/shelve it aside,CanTong Lexicon 2025,,
L196,擗埋一邊,dam2 paang4,0,放在一边/丢在一边/扔在一边,set it aside/throw it aside/chuck it to one side/put it aside/toss it aside/shelve it aside,CanTong Lexicon 2025,,
L197,放埋一邊,sam1 dang3,0,放在一边/丢在一边/扔在一边,set it aside/throw it aside/chuck it to one side/put it aside/toss it aside/shelve it aside,CanTong Lexicon 2025,,
L198,放埋一二邊,sin3 ban3,0,放在一边/丢在一边/扔在一边,set it aside/throw it aside/chuck it to one side/put it aside/toss it aside/shelve it aside,CanTong Lexicon 2025,,
L199,抌埋一二邊,sam1 baan6,0,甩在一边,cast it aside/brush it aside,CanTong Lexicon 2025,,
L200,揼埋一邊,heoi3 baai2,0,甩在一边,cast it aside/brush it aside,CanTong Lexicon 2025,,
L201,擗一二邊,fei1 di1 je5 maai4 lai4,,扔一边/丢一边/放一边,set it /throw it /toss it ,CanTong Lexicon 2025,,
L202,擗一邊,fei1 di1 je5 gwo3 lai4,0,扔一边/丢一边/放一边,set it /throw it /toss it ,CanTong Lexicon 2025,,
L203,放一二邊,dam2 ceon1,0,扔一边/丢一边/放一边,set it /throw it /toss it ,CanTong Lexicon 2025,,
L204,放一邊,dam2 sam1,0,扔一边/丢一边/放一边,set it /throw it /toss it ,CanTong Lexicon 2025,,
L205,抌一二邊,dam2 sam1 hau2,0,甩一边,cast it ,CanTong Lexicon 2025,,
L206,抌一邊,dam2 daai2,0,甩一边,cast it ,CanTong Lexicon 2025,,
L207,抌低,tung4 faai3,0,甩一边,cast it ,CanTong Lexicon 2025,,
L208,抌垃圾,diu1 daai2,0,丢垃圾/倒垃圾/扔垃圾,throw out thegarbage/throw out trash/take out the thegarbage/take out the trash/put out the thegarbage/put out the trash/litter/dump,CanTong Lexicon 2025,,
L209,掉垃圾,diu1 daai2,0,丢垃圾/倒垃圾/扔垃圾,throw out thegarbage/throw out trash/take out the thegarbage/take out the trash/put out the thegarbage/put out the trash/litter/dump,CanTong Lexicon 2025,,
L210,抛垃圾,fan1 paai4,0,丢垃圾/倒垃圾/扔垃圾,throw out thegarbage/throw out trash/take out the thegarbage/take out the trash/put out the thegarbage/put out the trash/litter/dump,CanTong Lexicon 2025,,
L211,掟煲,dai1 ban2,0,分手,separate,CanTong Lexicon 2025,,
L212,分手,sik1 ding1,0,分手,separate,CanTong Lexicon 2025,,
L213,抌咗佢,zau2 gik6 baai4,0,倒掉它/扔掉它/丢掉它,throw it away/discard it/Pour it out/throw away/toss out/deep six,CanTong Lexicon 2025,,
L214,掉咗佢,lau1 ling4,0,倒掉它/扔掉它/丢掉它,throw it away/discard it/Pour it out/throw away/toss out/deep six,CanTong Lexicon 2025,,
L215,倒咗佢,zau2 sik1,0,倒掉它/扔掉它/丢掉它,throw it away/discard it/Pour it out/throw away/toss out/deep six,CanTong Lexicon 2025,,
L216,弹開,daan6 hoi1,0,走开/起开/滚,get out of here/fuck off/get lost/get out of here/beat it/get out,CanTong Lexicon 2025,,
L217,行開,haang4 hoi1,0,走开/起开/滚,get out of here/fuck off/get lost/get out of here/beat it/get out,CanTong Lexicon 2025,,
L218,死開,sei2 hoi1,0,走开//起开/滚,get out of here/fuck off/get lost/get out of here/beat it/get out,CanTong Lexicon 2025,,
L219,走開,zau2 hoi1,0,走开//起开/滚,get out of here/fuck off/get lost/get out of here/beat it/get out,CanTong Lexicon 2025,,
L220,躝屍趷路,laam6 si1 gaau3 luk6,0,走开//起开/滚,get out of here/fuck off/get lost/get out of here/beat it/get out,CanTong Lexicon 2025,,
L221,死埋一邊,sei2 maai4 jat1 bin1,0,走开//起开/滚,get out of here/fuck off/get lost/get out of here/beat it/get out,CanTong Lexicon 2025,,
L222,躝,laam6,0,走开//起开/滚,get out of here/fuck off/get lost/get out of here/beat it/get out,CanTong Lexicon 2025,,
L223,过主,gwo3 zyu2,0,走开//起开/滚,get out of here/fuck off/get lost/get out of here/beat it/get out,CanTong Lexicon 2025,,
L224,趷開,gaau3 hoi1,0,走开//起开/滚,get out of here/fuck off/get lost/get out of here/beat it/get out,CanTong Lexicon 2025,,
L225,揼咗啲嘢佢,dam3 zo2 di1 je5 keoi5,0,把它们都倒掉/把它们都扔掉/把它们都丢掉,Pour them all out / Throw them all away / Discard them all/deep six,CanTong Lexicon 2025,,
L226,掉咗啲嘢佢,diu3 zo2 di1 je5 keoi5,0,把它们都倒掉/把它们都扔掉/把它们都丢掉,Pour them all out / Throw them all away / Discard them all/deep six,CanTong Lexicon 2025,,
L227,倒咗啲嘢佢,dou3 zo2 di1 je5 keoi5,0,把它们都倒掉/把它们都扔掉/把它们都丢掉,Pour them all out / Throw them all away / Discard them all/deep six,CanTong Lexicon 2025,,
L228,躝街,laam6 gaai1,0,逛街/逛街去/出门,shop/Shopping/ Going shopping/Going out,CanTong Lexicon 2025,,
L229,出街,ceot1 gaai1,0,逛街/逛街去/出门,shop/Shopping/ Going shopping/Going out,CanTong Lexicon 2025,,
L230,哨街,sau2 gaai1,0,逛街/逛街去/出门,shop/Shopping/ Going shopping/Going out,CanTong Lexicon 2025,,
L231,逛街,gwaang2 gaai1,0,逛街/逛街去/出门,shop/Shopping/ Going shopping/Going out,CanTong Lexicon 2025,,
L232,出门,ceot1 mun4,0,逛街/逛街去/出门,shop/Shopping/ Going shopping/Going out,CanTong Lexicon 2025,,
L233,去街,heoi3 gaai1,0,逛街/逛街去/出门,shop/Shopping/ Going shopping/Going out,CanTong Lexicon 2025,,
L234,撻落地下,taat3 lok6 dei6 haa6,0,重重甩在地下/摔在地下,thrown heavily to the ground/slammed to the ground/hurl/fling/slam down,CanTong Lexicon 2025,,
L235,撻啲嘢落地下,taat3 di1 je5 lok6 dei6 haa6,0,重重甩在地下/摔在地下,thrown heavily to the ground/slammed to the ground/hurl/fling/slam down,CanTong Lexicon 2025,,
L236,揼春 ,dam3 ceon1,0,后悔莫及/极度失望/扎心/后悔,throw something over very quickly/too late to regret/Heartbreaking/to regret,CanTong Lexicon 2025,,
L237,抌心,daam3 sam1,0,后悔莫及/极度失望/扎心/后悔,throw something over very quickly/too late to regret/Heartbreaking/to regret,CanTong Lexicon 2025,,
L238,抌心口,daam3 sam1 hau2,0,后悔莫及/极度失望/扎心/后悔,throw something over very quickly/too late to regret/Heartbreaking/to regret,CanTong Lexicon 2025,,
L239,揼袋,dam3 daai3,0,后悔莫及/极度失望/扎心/后悔,throw something over very quickly/too late to regret/Heartbreaking/to regret,CanTong Lexicon 2025,,
L240,后悔,hau6 fui3,0,后悔莫及/极度失望/扎心/后悔,throw something over very quickly/too late to regret/Heartbreaking/to regret,CanTong Lexicon 2025,,
L241,趸春,daam3 gang1,0,后悔莫及/极度失望/扎心/后悔,throw something over very quickly/too late to regret/Heartbreaking/to regret,CanTong Lexicon 2025,,
L242,抌膥 ,daam3 gang1,0,后悔莫及/极度失望/扎心/后悔,throw something over very quickly/too late to regret/Heartbreaking/to regret,CanTong Lexicon 2025,,
L243,呻笨 ,sam1 ban6,0,后悔莫及/极度失望/扎心/后悔,throw something over very quickly/too late to regret/Heartbreaking/to regret,CanTong Lexicon 2025,,
L244,呻笨柒,sam1 ban6 cat6,1,后悔莫及/极度失望/扎心/后悔,throw something over very quickly/too late to regret/Heartbreaking/to regret,CanTong Lexicon 2025,,
L245,蝕​底​,sit3 dai2,0,后悔莫及/极度失望/扎心/后悔,throw something over very quickly/too late to regret/Heartbreaking/to regret,CanTong Lexicon 2025,,
L246,包𢱕,baau1 yun4,0,剪刀石头布/石头剪刀布,Rock Paper Scissors,CanTong Lexicon 2025,,
L247,猜呈尋,caai1 cing4 cam4,0,剪刀石头布/石头剪刀布,Rock Paper Scissors,CanTong Lexicon 2025,,
L248,包剪𢱕,baau1 zin2 yun4,0,剪刀石头布/石头剪刀布,Rock Paper Scissors,CanTong Lexicon 2025,,
L249,𢱕背脊,yun4 bui3 zek3,0,捶背/按摩,Back massage/massage,CanTong Lexicon 2025,,
L250,按摩,on1 mo1,0,捶背/按摩,Back massage/massage,CanTong Lexicon 2025,,
L251,馬殺雞,maa5 saat3 gai1,0,捶背/按摩,Back massage/massage,CanTong Lexicon 2025,,
L252,𢱕骨,yun4 gwat1,0,捶背/按摩,Back massage/massage,CanTong Lexicon 2025,,
L253,畀人毆,bei2 jan4 ngau2,0,给人打/给人揍/挨揍,Beat up,CanTong Lexicon 2025,,
L254,畀人𢱕,bei2 jan4 yun4,0,给人打/给人揍/挨揍,Beat up,CanTong Lexicon 2025,,
L255,𢱕佢镬甘嘅,yun4 keoi5 wok6 gam1 ge3,0,狠狠地教训他一顿/狠狠地教训她一顿/给她点颜色看看/给他点颜色看看/给点颜色她看看/给点颜色他看看,Give her a good beating/Give him a good beating,CanTong Lexicon 2025,,
L256,𢱕佢镬劲嘅,yun4 keoi5 wok6 geng6 ge3,0,狠狠地教训他一顿/狠狠地教训她一顿/给她点颜色看看/给他点颜色看看/给点颜色她看看/给点颜色他看看,Give her a good beating/Give him a good beating,CanTong Lexicon 2025,,
L257,抌低佢,daam3 dai1 keoi5,0,抛弃他/抛弃她/放下他/放下她,Abandon him/her,CanTong Lexicon 2025,,
L258,掉低佢,diu3 dai1 keoi5,0,抛弃他/抛弃她/放下他/放下她,Abandon him/her,CanTong Lexicon 2025,,
L259,放低佢,fong3 dai1 keoi5,0,抛弃他/抛弃她/放下他/放下她,Abandon him/her,CanTong Lexicon 2025,,
L260,沙𦢊,sāa1,0,大胆/胆子大/不怕死,Bold/daring/fearless/loyal/brotherhood spirit,CanTong Lexicon 2025,,
L261,吉士,gāt6 si6,0,大胆/胆子大/不怕死,Bold/daring/fearless/loyal/brotherhood spirit,CanTong Lexicon 2025,,
L262,膽生毛,daam2 saang1 mou4,0,大胆/胆子大/不怕死,Bold/daring/fearless/loyal/brotherhood spirit,CanTong Lexicon 2025,,
L263,沙膽,sāa1 daam2,0,大胆/胆子大/不怕死,Bold/daring/fearless/loyal/brotherhood spirit,CanTong Lexicon 2025,,
L264,夠薑,gau3 goeng1,0,大胆/胆子大/不怕死,Bold/daring/fearless/loyal/brotherhood spirit,CanTong Lexicon 2025,,
L265,未死過,mei6 sei2 gwo3,0,大胆/胆子大/不怕死,Bold/daring/fearless/loyal/brotherhood spirit,CanTong Lexicon 2025,,
L266,死字唔識寫,sei2 zi6 m4 sik1 se2,0,大胆/胆子大/不怕死,Bold/daring/fearless/loyal/brotherhood spirit,CanTong Lexicon 2025,,
L267,作死,zuk1 sei2,0,大胆/胆子大/不怕死,Bold/daring/fearless/loyal/brotherhood spirit,CanTong Lexicon 2025,,
L268,夠pok,gau3 pok3,0,大胆/胆子大/不怕死,Bold/daring/fearless/loyal/brotherhood spirit,CanTong Lexicon 2025,,
L269,夠𦢊,gau3 sāa1,0,大胆/胆子大/不怕死,Bold/daring/fearless/loyal/brotherhood spirit,CanTong Lexicon 2025,,
L270,沙pok,sāa1 pok3,0,大胆/胆子大/不怕死,Bold/daring/fearless/loyal/brotherhood spirit,CanTong Lexicon 2025,,
L271,有種,jau5 zung2,0,大胆/胆子大/不怕死,Bold/daring/fearless/loyal/brotherhood spirit,CanTong Lexicon 2025,,
L272,膽大包天,daam2 daai6 baau1 tin1,0,大胆/胆子大/不怕死,Bold/daring/fearless/loyal/brotherhood spirit,CanTong Lexicon 2025,,
L273,夠雷,gau3 leoi4,0,大胆/胆子大/不怕死/够雷,Bold/daring/fearless/loyal/brotherhood spirit,CanTong Lexicon 2025,,
L274,夠雷氣,gau3 leoi4 hei3,0,大胆/胆子大/不怕死/够雷气,Bold/daring/fearless/loyal/brotherhood spirit,CanTong Lexicon 2025,,
L275,​夠義氣,gau3 ji6 hei3,0,大胆/胆子大/不怕死/够义气,Bold/daring/fearless/loyal/brotherhood spirit,CanTong Lexicon 2025,,
L276,有雷氣,jau5 leoi4 hei3,0,大胆/胆子大/不怕死/有雷气,Bold/daring/fearless/loyal/brotherhood spirit,CanTong Lexicon 2025,,
L277,有雷,jau5 leoi4,0,大胆/胆子大/不怕死/有雷,Bold/daring/fearless/loyal/brotherhood spirit,CanTong Lexicon 2025,,
L278,沙鳩膽,sāa1 gau1 daam2,1,大胆/胆子大/不怕死/沙鸠胆/沙9胆,Bold/daring/fearless/loyal/brotherhood spirit,CanTong Lexicon 2025,,
L279,未撚死過,mei6 lan2 sei2 gwo3,1,大胆/胆子大/不怕死/未len死过/未撚死过,Bold/daring/fearless/loyal/brotherhood spirit,CanTong Lexicon 2025,,
L280,幾撚夠薑,gei2 lan2 gau3 goeng1,1,大胆/胆子大/不怕死/挺有胆识/几撚够姜/几len够姜,Bold/daring/fearless/loyal/brotherhood spirit,CanTong Lexicon 2025,,
L281,幾鳩夠薑,gei2 gau1 gau3 goeng1,1,大胆/胆子大/不怕死/挺有胆识/几鸠够姜/几9够姜,Bold/daring/fearless/loyal/brotherhood spirit,CanTong Lexicon 2025,,
L282,有吉士,jau5 gāt6 si6,0,大胆/胆子大/不怕死/有胆量,Bold/daring/fearless/loyal/brotherhood spirit,CanTong Lexicon 2025,,
L283,臭閪,cau3 hai1,1,婊子/臭閪/超hight/超嗨/炒蟹/臭婊子,cunt/smelly vagina/bitch,CanTong Lexicon 2025,,
L284,閪婆,hai1 po4,1,婊子/臭閪/超hight/超嗨/炒蟹/臭婊子,cunt/smelly vagina/bitch,CanTong Lexicon 2025,,
L285,死臭閪,sei2 cau3 hai1,1,婊子/死臭閪/超hight/超嗨/炒蟹/臭婊子,cunt/smelly vagina/bitch,CanTong Lexicon 2025,,
L286,死八婆,sei2 baat3 po4,0,婊子/臭三八/死八婆/八婆/臭婊子/鸡婆,cunt/smelly vagina/bitch,CanTong Lexicon 2025,,
L287,八婆,baat3 po4,0,婊子/臭三八/死八婆/八婆/臭婊子/鸡婆,meddling woman/nosy parker/cunt/smelly vagina/bitch,CanTong Lexicon 2025,,
L288,單單打打,daan1 daan1 daa2 daa2,0,阴阳怪气,to criticize implicitly/to be mischievous,CanTong Lexicon 2025,,
L289,整古作怪,zing2 gu2 zok3 gwaai3,0,阴阳怪气,to criticize implicitly/to be mischievous,CanTong Lexicon 2025,,
L290,整古做怪,zing2 gu2 zou6 gwaai3,0,阴阳怪气,to criticize implicitly/to be mischievous,CanTong Lexicon 2025,,
L291,整蠱做怪,zing2 gu2 zou6 gwaai3,0,阴阳怪气,to criticize implicitly/to be mischievous,CanTong Lexicon 2025,,
L292,單打,daan1 daa2,0,阴阳怪气,to criticize implicitly/to be mischievous,CanTong Lexicon 2025,,
L293,陰濕,jam1 sap1,0,阴阳怪气/奸诈/狡猾/阴湿,dark and moist/wicked/devious/Creepy/to be mischievous/sinister/insidious/treacherous/,CanTong Lexicon 2025,,
L294,陰險,jam1 him2,0,阴阳怪气/奸诈/狡猾/阴险,dark and moist/wicked/devious/Creepy/to be mischievous/sinister/insidious/treacherous/,CanTong Lexicon 2025,,
L295,狡猾,gaau2 waat6,0,阴阳怪气/奸诈/狡猾,dark and moist/wicked/devious/Creepy/to be mischievous/sinister/insidious/treacherous/sly/cunning/crafty,CanTong Lexicon 2025,,
L296,蠱惑,gu2 waak6,0,阴阳怪气/奸诈/狡猾/蛊惑,dark and moist/wicked/devious/Creepy/to be mischievous/sinister/insidious/treacherous/,CanTong Lexicon 2025,,
L297,圓滑, jyun4 waat6,0,阴阳怪气/奸诈/狡猾,dark and moist/wicked/devious/Creepy/to be mischievous/sinister/insidious/treacherous/,CanTong Lexicon 2025,,
L298,陰險毒辣,jam1 him2 duk6 laat6,0,阴阳怪气/奸诈/狡猾,treacherous and murderous/dark and moist/wicked/devious/Creepy/to be mischievous/sinister/insidious/treacherous/sly/cunning/crafty,CanTong Lexicon 2025,,
L299,狗,gau2,0,阴阳怪气/奸诈/狡猾,dark and moist/wicked/devious/Creepy/to be mischievous/sinister/insidious/treacherous/sly/cunning/crafty,CanTong Lexicon 2025,,
L300,含沙射影,ham4 saa1 se6 jing2,0,阴阳怪气,to criticize implicitly/to be mischievous/to scold someone indirectly/to make oblique accusations,CanTong Lexicon 2025,,
L301,指桑罵槐,zi2 song1 maa6 waai4,0,阴阳怪气/奸诈/狡猾/指桑骂槐,to scold someone indirectly/to make oblique accusations/to criticize implicitly/to be mischievous,CanTong Lexicon 2025,,
L302,喞喞趷趷,gei1 gei1 gat6 gat6,0,叽叽歪歪/唧唧歪歪/指手画脚,naggy/yammering,CanTong Lexicon 2025,,
L303,指手畫腳,zi2 sau2 waak6 goek3,0,叽叽歪歪/唧唧歪歪/指手画脚,to gesticulate/to make gestures/naggy/yammering,CanTong Lexicon 2025,,
L304,,,0,,,,,
L305,,,0,,,,,
L306,,,,,,,,
L307,,,,,,,,
L308,,,,,,,,
L309,,,,,,,,
L310,,,,,,,,
L311,,,,,,,,
,,,,,,,,
